use db_botafogo;
/*Jogadores */
insert jogador(id_jogador, nome) values
	(1,'Lucas Pereira da Silva'),
    (2, 'Lucas Pereira Silva'),
    (3, 'Mateus Santos Oliveira'),
    (4, 'Guilherme Fernandes Costa'),
    (5, 'João Almeida Santos'),
    (6, 'André Rodrigues Lima'),
    (7, 'Rodrigo Gomes Pereira'),
    (8, 'Gabriel Costa Alves'),
    (9, 'Leonardo Silva Santos'),
    (10, 'Alexandre Oliveira Souza'),
    (11, 'Daniel Pereira Lima'),
    (12, 'Fernando Santos Ferreira'),
    (13, 'Caio Alves Rodrigues'),
    (14, 'Rafael Lima Gonçalves'),
    (15, 'Eduardo Fernandes Oliveira'),
    (16, 'Victor Pereira Almeida'),
    (17, 'Gustavo Silva Costa'),
    (18, 'Bruno Ferreira Alves'),
    (19, 'Marcos Lima Rodrigues'),
    (20, 'Marcelo Almeida Costa'),
    (21, 'Thiago Oliveira Pereira'),
    (22, 'Felipe Costa Fernandes'),
    (23, 'Luiz Rodrigues Almeida'),
    (24, 'Vinícius Santos Oliveira'),
    (25, 'Diego Lima Ferreira'),
    (26, 'Carlos Almeida Gonçalves'),
    (27, 'Lucas Fernandes Silva'),
    (28, 'Matheus Pereira Oliveira'),
    (29, 'Ricardo Lima Santos'),
    (30, 'Samuel Almeida Rodrigues'),
    (31, 'André Costa Fernandes'),
    (32, 'César Silva Gonçalves'),
    (33, 'Otávio Oliveira Lima'),
    (34, 'Henrique Fernandes Costa'),
    (35, 'Jorge Santos Pereira'),
    (36, 'Ivan Lima Alves'),
    (37, 'Renato Almeida Silva'),
    (38, 'Antonio Rodrigues Costa'),
    (39, 'Joaquim Costa Oliveira'),
    (40, 'Nicolas Alves Ferreira'),
    (41, 'Augusto Lima Santos'),
    (42, 'Raul Fernandes Almeida'),
    (43, 'Miguel Almeida Costa'),
    (44, 'Valter Pereira Lima'),
    (45, 'Pedro Lima Rodrigues'),
    (46, 'Isaque Oliveira Costa'),
    (47, 'Alexandre Santos Alves'),
    (48, 'Rodrigo Almeida Ferreira'),
    (49, 'Artur Fernandes Oliveira'),
    (50, 'Bruno Silva Lima'),
    (51, 'Felipe Costa Almeida');

/*Tecnicos*/
insert into tecnico (id_tecnico, nome, dt_nasc, pais_nasc,foto)values
	(1, 'João Silva', '1990-05-15', 'Brasil', null),
    (2, 'Pedro Pereira', '1993-03-10', 'Espanha', null),
    (3, 'Carlos Fernandes', '1988-07-05', 'brasil', null),
    (4, 'Ricardo Costa', '1997-09-25', 'Alemanha', null),
    (5, 'António Almeida', '1986-06-07', 'Portugal', null),
    (6, 'Gustavo Santos', '1994-07-03', 'Espanha', null),
    (7, 'André Silva', '1996-10-08', 'brasil', null),
    (8, 'Tiago Pereira', '1992-09-13', 'Alemanha', null);


/*Campeonatos */
insert into campeonato (id_campeonato,tipo_campeonato, ano, nome) values
(1000, 'Nacional', 2023, 'Brasileirao'),
(2000, 'Nacional', 2022, 'Brasileirao'),
(3000, 'Nacional', 2021, 'Brasileirao'),
(1100, 'Nacional', 2023, 'Copa do brasil'),
(2100, 'Nacional', 2022, 'Copa do brasil'),
(3100, 'Nacional', 2021, 'Copa do brasil'),
(1200, 'Internacional', 2023, 'Copa sul-americano'),
(1300, 'estadual', 2023, 'campeonato carioca'),
(2300, 'estadual', 2022, 'campeonato carioca'),
(3300, 'estadual', 2021, 'campeonato carioca');


/*Classificaçao*/
insert into classificacao (id_campeonato, posicao, quantidade_partidas, pontos, fase, num_derrotas, num_vitoria, num_empates, gols_pro, gols_contra) values
(1000, 1, 24, 51,null, 0, 0, 0, 0, 0),
(2000, 11, 38, 53,null, 0, 0, 0, 0, 0),
(3000, 20, 38, 27,null, 0, 0, 0, 0, 0 ),
(1100, null, 6, null,'Terceira fase', 0, 0,0, 0 , 0),
(2100,null, 12, null,'Final', 0, 0, 0, 0, 0 ),
(3100,null, 12, null,'Final', 0,0,0,0,0),
(1200,null, 15, null,'Final', 0, 0, 0,0,0),
(1300,null,15,null,'final',0,0,0,0,0),
(2300,null,13,null,'Semifinal',0,0,0,0,0),
(3300,null,13,null,'semifinal',0,0,0,0,0);



/*Titulos Ganhos*/
insert into titulo (id_titulo,nome,ano,fk_campeonato)values
(1, 'Campeao Brasileiro', 2023, 1000),
(2, 'Campeao Brasileiro', 2022, 2000),
(3, 'Campeao Copa do Brasil', 2021, 3100),
(4, 'Campeao Copa do Brasil', 2022, 2100),
(5, 'Campeao Sul-Americano', 2023, 1200),
(6, 'Campeao Carioca', 2021, 1300);

/*Historico Jogador*/
insert into historico_jogador (fk_jogador, dt_contratacao, dt_fimcontrato, num_assistencia, num_gols, num_jogos, num_titulo,foto) values
(1,'2019-12-27','2023-08-24',50, 150, 100 ,2, null),
(2,'2018-12-10','2024-01-29',0, 25,50,0, null),
(3, '2018-09-30','2022-07-08',4, 1,89,0, null),
(4,'2023-02-23','2024-10-06',10, 1,15,0, null),
(5,'2019-06-23','2021-11-04',2, 0,18,0, null),
(6,'2021-06-15','2024-11-22',10,38,175,1, null),
(7,'2019-02-05','2022-12-28',180,38,250,2, null),
(8,'2020-02-01','2022-06-18',137,68,200,5, null),
(9,'2018-07-27','2024-10-05',17,8,48,0, null),
(10,'2019-04-22','2023-10-17',84,41,172,2, null),
(11,'2019-09-21','2024-11-23',48,7,78,2, null),
(12,'2022-06-22','2024-04-14',1,6,8,1, null),
(13,'2020-04-14','2022-10-16',10,17,36,2, null),
(14,'2018-12-12','2023-08-19',17,87,78,0, null),
(15,'2019-06-30','2023-10-22',47,17,76,2, null),
(16,'2019-12-29','2022-04-16',65,78,96,0,null),
(17,'2018-04-08','2021-02-25',0,0,7,0, null ),
(18,'2018-07-24','2024-04-03',4,1,43,0, null),
(19,'2020-08-03','2022-12-08',123,54,400,5, null),
(20,'2019-10-07','2024-10-10',23,14,68,2, null),
(21,'2020-05-30','2024-06-07',7,14,68,2, null),
(22,'2023-03-13','2024-09-08',65,30,89,4, null),
(23,'2023-02-19','2023-07-06',25,40,79,2, null),
(24,'2021-11-21','2024-04-18',79,25,163,4, null),
(25,'2021-04-03','2023-05-28',45,5,200,5, null 	),
(26,'2018-12-12','2023-05-09',19,57,46,1, null),
(27,'2019-09-18','2022-07-19',260,77,453,5, null),
(28,'2018-10-18','2024-01-30',198,150,361,5, null),
(29,'2023-04-13','2025-04-27',10,2,25,2, null),
(30,'2021-09-15','2023-04-15',45,6,75,2, null),
(31,'2020-04-08','2021-01-08',89,10,130,1, null),
(32,'2020-05-07','2022-04-10',46,170,243,4, null ),
(33,'2022-07-11','2023-06-09',17,8,65,2, null),
(34,'2021-09-14','2025-01-19',200,79,320,5, null),
(35,'2020-03-12','2024-01-22',140,49,180,4, null),
(36,'2020-02-01','2021-11-27',4,9,10,0, null),
(37,'2018-09-10','2022-12-06',45,9,95,2, null),
(38,'2019-03-30','2023-07-27',78,90,200,3, null),
(39,'2018-02-22','2021-06-11',48,70,152,2, null),
(40,'2021-03-04','2024-10-08',79,180,482,5, null),
(41,'2023-05-22','2024-07-15',69,32,120,2, null),
(42,'2019-02-02','2021-02-22',58,30,200,2, null),
(43,'2023-03-05','2024-02-16',12,3,45,0, null),
(44,'2019-05-10','2023-05-24',468,189,641,5, null),
(45,'2021-05-02','2023-07-18',8,19,45,0, null),
(46,'2022-09-01','2024-12-23',17,19,42,0, null),
(47,'2018-11-04','2023-03-05', 89,78,210,4, null),
(48,'2020-07-13','2022-05-12', 45,13,56,2, null),
(49,'2019-07-14','2021-06-06', 30,24,71,2, null),
(50,'2022-09-17','2023-11-16', 170,16,240,4, null),
(51,'2022-12-15','2023-06-21', 70,45,132,0, null);

/*Nacionalidade*/

insert into nacionalidade (id_nacionalidade, nm_nacionalidade) values
(1, 'Brasileiro'),
(2, 'Portugues'),
(3, 'Argentino'),
(4, 'Espanhol'),
(5, 'Colombiano'),
(6, 'Italiano'),
(7, 'Uruguaio'),
(8,'chileno '),
(9,'francês'),
(10,'italiano'),
(11,'mexicano'),
(12,'inglês'),
(13,'alemão');

/*Caracteristica Jogador*/

insert into caracteristica_jogador (id_jogador, valor_mercado, pais_nasc, dt_nasc, posicao, pe_bom, altura)values
(1," €  20,229,993.00 ","Uruguai","1993-07-17","atacante","Ambidestro",1.95),
(2," €  33,779,970.00 ","Mexico","1984-12-09","lateral","Ambidestro",1.95),
(3," €  48,174,129.00 ","Chile","1986-07-18","zagueiro","Direito",1.61),
(4," €  7,127,216.00 ","Argentina","1997-06-06","lateral","Esquerdo",1.91),
(5," €  42,926,824.00 ","Mexico","1991-11-24","ponta","Ambidestro",1.62),
(6," €  8,328,132.00 ","Chile","2002-08-19","ponta","Esquerdo",1.83),
(7," €  2,447,959.00 ","Brasil","1997-03-14","atacante","Direito",1.74),
(9," €  9,867,055.00 ","Uruguai","1988-01-09","lateral","Esquerdo",1.90),
(10," €  47,076,367.00 ","Chile","1984-10-20","centro avante","Ambidestro",1.73),
(11," €  42,026,713.00 ","Espanha","1997-01-01","centro avante","Esquerdo",1.83),
(12," €  24,053,426.00 ","Italia","1989-12-24","ponta","Direito",1.9),
(13," €  43,478,849.00 ","Mexico","1990-03-17","ponta","Ambidestro",1.61),
(14," €  5,061,718.00 ","Uruguai","1997-10-08","goleiro","Direito",1.71),
(15," €  37,212,786.00 ","Inglaterra","1995-12-24","zagueiro","Ambidestro",1.90),
(16," €  34,276,718.00 ","Uruguai","1997-02-15","meia","Direito",1.73),
(17," €  20,218,254.00 ","França","1990-01-29","lateral","Direito",1.64),
(18," €  25,867,975.00 ","Inglaterra","1994-05-04","zagueiro","Ambidestro",1.71),
(19," €  34,109,129.00 ","Chile","1984-05-31","volante","Direito",1.80),
(20," €  20,755,379.00 ","Espanha","1997-05-28","goleiro","Ambidestro",1.72),
(21," €  36,879,429.00 ","Uruguai","2003-12-13","volante","Esquerdo",1.61),
(22," €  39,231,717.00 ","Portugal","1990-09-28","volante","Direito",1.80),
(23," €  39,287,316.00 ","Argentina","2000-06-27","zagueiro","Direito",1.64),
(24," €  25,643,493.00 ","Mexico","2001-04-26","atacante","Esquerdo",1.70),
(25," €  24,726,917.00 ","Espanha","1994-01-18","meia","Direito",1.95),
(26," €  1,149,289.00 ","Argentina","1987-10-23","lateral","Direito",1.95),
(27," €  34,075,175.00 ","Italia","1983-07-02","volante","Ambidestro",1.70),
(28," €  7,155,724.00 ","Chile","1993-05-24","lateral","Direito",1.63),
(29," €  16,591,844.00 ","Inglaterra","1993-12-21","zagueiro","Esquerdo",1.63),
(30," €  48,753,011.00 ","Italia","1990-08-23","centro avante","Ambidestro",1.70),
(31," €  38,676,015.00 ","França","2000-06-20","zagueiro","Ambidestro",1.92),
(32," €  33,002,188.00 ","França","1984-08-02","volante","Esquerdo",1.62),
(33," €  40,203,431.00 ","Colombia","2003-03-17","lateral","Esquerdo",1.93),
(34," €  38,719,435.00 ","Chile","1989-09-17","atacante","Esquerdo",1.74),
(35," €  9,706,779.00 ","Mexico","2002-08-13","centro avante","Direito",1.61),
(36," €  11,634,102.00 ","Argentina","1995-02-05","goleiro","Esquerdo",1.62),
(37," €  14,970,864.00 ","Brasil","1983-02-09","goleiro","Direito",1.65),
(38," €  12,148,783.00 ","Argentina","1989-05-02","atacante","Direito",1.70),
(39," €  30,806,956.00 ","Uruguai","1994-10-02","atacante","Direito",1.93),
(40," €  28,984,111.00 ","Chile","1987-06-09","lateral","Direito",1.64),
(41," €  29,791,155.00 ","Chile","1989-12-29","volante","Ambidestro",1.71),
(42," €  26,230,086.00 ","Inglaterra","2000-10-18","volante","Esquerdo",1.73),
(43," €  17,083,298.00 ","Espanha","2002-05-07","meia","Esquerdo",1.65),
(44," €  6,773,685.00 ","Uruguai","1993-07-18","ponta","Ambidestro",1.71),
(45," €  29,391,929.00 ","Italia","1998-01-27","meia","Ambidestro",1.90),
(46," €  5,100,368.00 ","Brasil","1986-03-11","meia","Direito",1.84),
(47," €  40,762,702.00 ","Mexico","2003-02-08","ponta","Ambidestro",1.75),
(48," €  12,955,626.00 ","França","1996-09-13","lateral","Ambidestro",1.85),
(49," €  33,169,744.00 ","Mexico","1987-08-31","zagueiro","Direito",1.95),
(50," €  27,629,793.00 ","Colombia","2001-03-15","zagueiro","Ambidestro",1.83),
(51," €  24,163,185.00 ","Uruguai","1998-02-12","lateral","Ambidestro",1.93);

insert into jogo (id_jogo, fk_campeonato,resultado,estadio,tipo_participante,data_jogo,cidade,pais,gols_pro,gols_contra)values
(1,1000,'Vitoria','Arena Neoquímica','Visitante','2023-08-22','São Paulo','Brasil',3,2),
(2,1000,'Derrota','Nilton Santos','Mandante','2023-06-22','Rio de Janeiro','Brasil',1,3),
(3,1000,'Derrota','Ressacada','Visitante','2023-07-16','Florianópolis','Brasil',1,2),
(4,1000,'Vitoria','Arena Neoquímica','Visitante','2023-08-28','São Paulo','Brasil',4,3),
(5,1000,'Derrota','Mineirao','Visitante','2023-06-13','Belo Horizonte','Brasil',1,5),
(6,1000,'Empate','Maracanã','Visitante','2023-04-28','Rio de Janeiro','Brasil',5,5),
(7,1000,'Vitoria','Nilton Santos','Mandante','2023-07-29','Rio de Janeiro','Brasil',5,3),
(8,1000,'Derrota','Nilton Santos','Mandante','2023-06-30','Rio de Janeiro','Brasil',2,3),
(9,1000,'Empate','Mané Garrincha','Visitante','2023-07-04','brasilía','Brasil',5,5),
(10,1000,'Vitoria','Mané Garrincha','Visitante','2023-04-24','brasilía','Brasil',2,1),
(11,1000,'Vitoria','Nilton Santos','Mandante','2023-06-28','Rio de Janeiro','Brasil',3,1),
(12,1000,'Vitoria','Mané Garrincha','Visitante','2023-06-12','brasilía','Brasil',5,3),
(13,1000,'Empate','Nilton Santos','Mandante','2023-05-16','Rio de Janeiro','Brasil',3,3),
(14,1000,'Derrota','Arena Neoquímica','Visitante','2023-07-06','São Paulo','Brasil',2,4),
(15,1000,'Derrota','Fonte Nova','Visitante','2023-06-29','Salvador','Brasil',3,5),
(16,1000,'Vitoria','Mineirao','Visitante','2023-07-17','Belo Horizonte','Brasil',4,1),
(17,1000,'Derrota','Nilton Santos','Mandante','2023-06-25','Rio de Janeiro','Brasil',2,3),
(18,1000,'Vitoria','Beira Rio','Visitante','2023-07-07','Porto alegre','Brasil',5,1),
(19,1000,'Vitoria','Nilton Santos','Mandante','2023-06-06','Rio de Janeiro','Brasil',5,4),
(20,1000,'Vitoria','Nilton Santos','Mandante','2023-08-19','Rio de Janeiro','Brasil',5,4),
(21,1000,'Vitoria','Mineirao','Visitante','2023-04-15','Belo Horizonte','Brasil',5,2),
(22,1000,'Empate','Arena da Baixada','Visitante','2023-08-22','curitiba','Brasil',5,5),
(23,1000,'Empate','Nilton Santos','Mandante','2023-08-01','Rio de Janeiro','Brasil',2,2),
(24,1000,'Derrota','Arena Pantanal','Visitante','2023-04-23','cuiabá','Brasil',4,5),
(25,1100,'Vitoria','Nilton Santos','Mandante','2023-08-25','Rio de Janeiro','Brasil',4,2),
(26,1100,'Derrota','Beira Rio','Visitante','2023-05-14','Porto alegre','Brasil',3,5),
(27,1100,'Empate','Nilton Santos','Mandante','2023-07-16','Rio de Janeiro','Brasil',1,1),
(28,1100,'Derrota','Mineirao','Visitante','2023-06-10','Belo Horizonte','Brasil',2,5),
(29,1100,'Derrota','Mané Garrincha','Visitante','2023-05-19','brasilía','Brasil',1,5),
(30,1100,'Derrota','Nilton Santos','Mandante','2023-05-21','Rio de Janeiro','Brasil',2,3),
(31,1200,'Derrota','La bombonera','Visitante','2023-04-21','Buenos Aires','Argentina',3,4),
(32,1200,'Vitoria','Nilton Santos','Mandante','2023-08-08','Rio de Janeiro','Brasil',5,3),
(33,1200,'Derrota','Monumental de Núñez','Visitante','2023-05-23','Buenos Aires','Argentina',1,4),
(34,1200,'Derrota','Nilton Santos','Mandante','2023-08-09','Rio de Janeiro','Brasil',4,5),
(35,1200,'Empate','del siglo','Visitante','2023-08-17','Montevidéu','Uruguai',3,3),
(36,1200,'Derrota','La bombonera','Visitante','2023-07-27','Buenos Aires','Argentina',1,2),
(37,1200,'Derrota','General Pablo Rojas','Visitante','2023-06-03','Assunção','Paraguai',2,5),
(38,1200,'Vitoria','General Pablo Rojas','Visitante','2023-06-04','Assunção','Paraguai',5,2),
(39,1200,'Vitoria','Nilton Santos','Mandante','2023-06-07','Rio de Janeiro','Brasil',5,3),
(40,1200,'Vitoria','del siglo','Visitante','2023-04-26','Montevidéu','Uruguai',5,2),
(41,1200,'Empate','Nilton Santos','Mandante','2023-04-20','Rio de Janeiro','Brasil',4,4),
(42,1200,'Empate','Nilton Santos','Mandante','2023-08-12','Rio de Janeiro','Brasil',1,1),
(43,1200,'Empate','Nilton Santos','Mandante','2023-04-22','Rio de Janeiro','Brasil',1,1),
(44,1200,'Empate','Monumental de Núñez','Visitante','2023-07-08','Buenos Aires','Argentina',1,1),
(45,1200,'Vitoria','Monumental de Núñez','Visitante','2023-06-14','Buenos Aires','Argentina',4,2),
(46,1300,'Vitoria','Beira Rio','Visitante','2023-07-13','Porto alegre','brasil',3,1),
(47,1300,'Vitoria','Arena Pantanal','Visitante','2023-04-27','Cuíaba','brasil',5,4),
(48,1300,'Empate','Nilton Santos','Mandante','2023-08-09','Rio de Janeiro','brasil',2,2),
(49,1300,'Derrota','Nilton Santos','Mandante','2023-08-04','Rio de Janeiro','brasil',1,3),
(50,1300,'Empate','Nilton Santos','Mandante','2023-05-03','Rio de Janeiro','brasil',3,3),
(51,1300,'Empate','Arena Pantanal','Visitante','2023-06-19','cuiabá','brasil',2,2),
(52,1300,'Derrota','Nilton Santos','Mandante','2023-06-24','Rio de Janeiro','brasil',4,5),
(53,1300,'Vitoria','Nilton Santos','Mandante','2023-08-01','Rio de Janeiro','brasil',5,2),
(54,1300,'Vitoria','Nilton Santos','Mandante','2023-06-01','Rio de Janeiro','brasil',3,1),
(55,1300,'Derrota','Beira Rio','Visitante','2023-07-20','Porto Alegre','brasil',3,4),
(56,1300,'Vitoria','Nilton Santos','Mandante','2023-06-11','Rio de Janeiro','brasil',3,1),
(57,1300,'Derrota','Nilton Santos','Mandante','2023-05-12','Rio de Janeiro','brasil',2,4),
(58,1300,'Vitoria','Nilton Santos','Mandante','2023-07-22','Rio de Janeiro','brasil',5,2),
(59,1300,'Derrota','Fonte Nova','Visitante','2023-06-30','Salvador','brasil',1,3),
(60,1300,'Vitoria','Nilton Santos','Mandante','2023-08-08','Rio de Janeiro','brasil',5,1),
(61,2000,'Derrota','Nilton Santos','Mandante','2022-08-07','Rio de Janeiro','brasil',3,4),
(62,2000,'Empate','Fonte Nova','Visitante','2022-11-02','Salvador','brasil',1,1),
(63,2000,'Derrota','Maracanã','Visitante','2022-07-22','Rio de Janeiro','brasil',1,2),
(64,2000,'Vitoria','Mineirao','Visitante','2022-08-13','Belo Horizonte','brasil',2,1),
(65,2000,'Derrota','Mineirao','Visitante','2022-10-11','Belo Horizonte','brasil',3,5),
(66,2000,'Vitoria','Nilton Santos','Mandante','2022-06-07','Rio de Janeiro','brasil',5,1),
(67,2000,'Empate','Ressacada','Visitante','2022-08-30','Florianópolis','brasil',4,4),
(68,2000,'Vitoria','Arena Pantanal','Visitante','2022-08-16','cuiabá','brasil',4,3),
(69,2000,'Vitoria','Ressacada','Visitante','2022-10-14','Florianópolis','brasil',4,3),
(70,2000,'Vitoria','Arena Pantanal','Visitante','2022-08-06','cuiabá','brasil',5,3),
(71,2000,'Derrota','Nilton Santos','Mandante','2022-11-01','Rio de Janeiro','brasil',3,5),
(72,2000,'Empate','Nilton Santos','Mandante','2022-05-24','Rio de Janeiro','brasil',2,2),
(73,2000,'Vitoria','Nilton Santos','Mandante','2022-09-15','Rio de Janeiro','brasil',3,2),
(74,2000,'Derrota','Nilton Santos','Mandante','2022-10-22','Rio de Janeiro','brasil',3,5),
(75,2000,'Derrota','Ressacada','Visitante','2022-06-21','Florianópolis','brasil',1,4),
(76,2000,'Derrota','Nilton Santos','Mandante','2022-09-21','Rio de Janeiro','brasil',3,5),
(77,2000,'Derrota','Ressacada','Visitante','2022-06-09','Florianópolis','brasil',4,5),
(78,2000,'Vitoria','Nilton Santos','Mandante','2022-07-13','Rio de Janeiro','brasil',3,2),
(79,2000,'Empate','Nilton Santos','Mandante','2022-09-10','Rio de Janeiro','brasil',1,1),
(80,2000,'Derrota','Nilton Santos','Mandante','2022-10-18','Rio de Janeiro','brasil',3,4),
(81,2000,'Empate','Beira Rio','Visitante','2022-11-17','Porto Alegre','brasil',4,4),
(82,2000,'Empate','Nilton Santos','Mandante','2022-11-23','Rio de Janeiro','brasil',5,5),
(83,2000,'Vitoria','Nilton Santos','Mandante','2022-10-31','Rio de Janeiro','brasil',5,1),
(84,2000,'Derrota','Nilton Santos','Mandante','2022-05-21','Rio de Janeiro','brasil',2,4),
(85,2000,'Derrota','Nilton Santos','Mandante','2022-05-02','Rio de Janeiro','brasil',1,4),
(86,2000,'Vitoria','Nilton Santos','Mandante','2022-07-31','Rio de Janeiro','brasil',4,3),
(87,2000,'Derrota','Arena da Baixada','Visitante','2022-10-20','curitiba','brasil',4,5),
(88,2000,'Vitoria','Nilton Santos','Mandante','2022-07-04','Rio de Janeiro','brasil',5,3),
(89,2000,'Vitoria','Fonte Nova','Visitante','2022-07-29','Salvador','brasil',5,4),
(90,2000,'Derrota','Arena Neoquímica','Visitante','2022-09-07','São Paulo','brasil',1,2),
(91,2000,'Empate','Ressacada','Visitante','2022-07-26','Florianópolis','brasil',1,1),
(92,2000,'Vitoria','Nilton Santos','Mandante','2022-10-20','Rio de Janeiro','brasil',5,4),
(93,2000,'Empate','Mineirao','Visitante','2022-06-02','Belo Horizonte','brasil',4,4),
(94,2000,'Vitoria','Nilton Santos','Mandante','2022-07-15','Rio de Janeiro','brasil',5,2),
(95,2000,'Derrota','Mané Garrincha','Visitante','2022-06-09','brasilía','brasil',3,5),
(96,2000,'Vitoria','Nilton Santos','Mandante','2022-09-08','Rio de Janeiro','brasil',4,3),
(97,2000,'Empate','Fonte Nova','Visitante','2022-10-08','Salvador','brasil',1,1),
(98,2000,'Derrota','Mineirao','Visitante','2022-10-20','Belo Horizonte','brasil',2,5),
(99,2100,'Derrota','Nilton Santos','Mandante','2022-06-11','Rio de Janeiro','brasil',3,5),
(100,2100,'Vitoria','Maracanã','Visitante','2022-06-27','Rio de Janeiro','brasil',4,3),
(101,2100,'Vitoria','Nilton Santos','Mandante','2022-05-16','Rio de Janeiro','brasil',4,3),
(102,2100,'Vitoria','Arena da Baixada','Visitante','2022-10-09','curitiba','brasil',5,4),
(103,2100,'Vitoria','Fonte Nova','Visitante','2022-06-28','Salvador','brasil',5,4),
(104,2100,'Vitoria','Mané Garrincha','Visitante','2022-11-19','brasilía','brasil',2,1),
(105,2100,'Empate','Nilton Santos','Mandante','2022-11-24','Rio de Janeiro','brasil',5,5),
(106,2100,'Empate','Nilton Santos','Mandante','2022-05-01','Rio de Janeiro','brasil',4,4),
(107,2100,'Vitoria','Mineirao','Visitante','2022-10-12','Belo Horizonte','brasil',5,2),
(108,2100,'Vitoria','Arena Pantanal','Visitante','2022-11-01','cuiabá','brasil',3,1),
(109,2100,'Vitoria','Arena Neoquímica','Visitante','2022-08-25','São Paulo','brasil',4,1),
(110,2100,'Derrota','Nilton Santos','Mandante','2022-11-22','Rio de Janeiro','brasil',1,5),
(111,2300,'Derrota','Mané Garrincha','Visitante','2022-05-26','brasilía','brasil',3,5),
(112,2300,'Empate','Arena Pantanal','Visitante','2022-05-13','cuiabá','brasil',4,4),
(113,2300,'Vitoria','Nilton Santos','Mandante','2022-07-02','Rio de Janeiro','brasil',3,1),
(114,2300,'Empate','Fonte Nova','Visitante','2022-09-29','Salvador','brasil',2,2),
(115,2300,'Vitoria','Nilton Santos','Mandante','2022-08-19','Rio de Janeiro','brasil',4,3),
(116,2300,'Vitoria','Beira Rio','Visitante','2022-11-11','Porto Alegre','brasil',3,2),
(117,2300,'Derrota','Beira Rio','Visitante','2022-09-11','Porto Alegre','brasil',1,2),
(118,2300,'Vitoria','Nilton Santos','Mandante','2022-09-01','Rio de Janeiro','brasil',4,3),
(119,2300,'Empate','Fonte Nova','Visitante','2022-08-22','Salvador','brasil',2,2),
(120,2300,'Derrota','Nilton Santos','Mandante','2022-10-16','Rio de Janeiro','brasil',1,5),
(121,2300,'Vitoria','Nilton Santos','Mandante','2022-06-25','Rio de Janeiro','brasil',4,2),
(122,3000,'Vitoria','Beira Rio','Visitante','2021-08-24','Porto Alegre','brasil',4,3),
(123,3000,'Empate','Nilton Santos','Mandante','2021-07-28','Rio de Janeiro','brasil',5,5),
(124,3000,'Vitoria','Arena da Baixada','Visitante','2021-11-20','curitiba','brasil',2,1),
(125,3000,'Derrota','Nilton Santos','Mandante','2021-06-03','Rio de Janeiro','brasil',2,4),
(126,3000,'Vitoria','Ressacada','Visitante','2021-05-09','Florianópolis','brasil',4,2),
(127,3000,'Empate','Nilton Santos','Mandante','2021-09-13','Rio de Janeiro','brasil',5,5),
(128,3000,'Derrota','Nilton Santos','Mandante','2021-11-24','Rio de Janeiro','brasil',2,3),
(129,3000,'Derrota','Ressacada','Visitante','2021-10-03','Florianópolis','brasil',2,3),
(130,3000,'Derrota','Nilton Santos','Mandante','2021-05-09','Rio de Janeiro','brasil',1,5),
(131,3000,'Vitoria','Arena Pantanal','Visitante','2021-11-30','cuiabá','brasil',3,1),
(132,3000,'Derrota','Mané Garrincha','Visitante','2021-10-18','brasilía','brasil',3,5),
(133,3000,'Derrota','Fonte Nova','Visitante','2021-11-04','Salvador','brasil',2,3),
(134,3000,'Vitoria','Nilton Santos','Mandante','2021-10-18','Rio de Janeiro','brasil',3,2),
(135,3000,'Vitoria','Nilton Santos','Mandante','2021-07-09','Rio de Janeiro','brasil',5,4),
(136,3000,'Vitoria','Nilton Santos','Mandante','2021-09-05','Rio de Janeiro','brasil',5,3),
(137,3000,'Derrota','Maracanã','Visitante','2021-09-18','Rio de Janeiro','brasil',2,3),
(138,3000,'Derrota','Nilton Santos','Mandante','2021-06-22','Rio de Janeiro','brasil',1,3),
(139,3000,'Derrota','Nilton Santos','Mandante','2021-11-10','Rio de Janeiro','brasil',2,4),
(140,3000,'Derrota','Fonte Nova','Visitante','2021-10-08','Salvador','brasil',4,5),
(141,3000,'Empate','Nilton Santos','Mandante','2021-08-22','Rio de Janeiro','brasil',5,5),
(142,3000,'Empate','Beira Rio','Visitante','2021-11-27','Porto Alegre','brasil',3,3),
(143,3000,'Empate','Maracanã','Visitante','2021-05-04','Rio de Janeiro','brasil',3,3),
(144,3000,'Vitoria','Nilton Santos','Mandante','2021-09-29','Rio de Janeiro','brasil',2,1),
(145,3000,'Vitoria','Beira Rio','Visitante','2021-05-30','Porto Alegre','brasil',4,2),
(146,3000,'Derrota','Nilton Santos','Mandante','2021-09-25','Rio de Janeiro','brasil',1,3),
(147,3000,'Derrota','Nilton Santos','Mandante','2021-11-15','Rio de Janeiro','brasil',1,4),
(148,3000,'Empate','Nilton Santos','Mandante','2021-07-30','Rio de Janeiro','brasil',2,2),
(149,3000,'Derrota','Fonte Nova','Visitante','2021-09-12','Salvador','brasil',2,5),
(150,3000,'Vitoria','Nilton Santos','Mandante','2021-07-10','Rio de Janeiro','brasil',3,2),
(151,3000,'Derrota','Nilton Santos','Mandante','2021-08-03','Rio de Janeiro','brasil',3,4),
(152,3000,'Vitoria','Nilton Santos','Mandante','2021-05-14','Rio de Janeiro','brasil',4,1),
(153,3000,'Vitoria','Nilton Santos','Mandante','2021-05-07','Rio de Janeiro','brasil',3,1),
(154,3000,'Vitoria','Nilton Santos','Mandante','2021-11-12','Rio de Janeiro','brasil',5,3),
(155,3000,'Vitoria','Ressacada','Visitante','2021-07-02','Florianópolis','brasil',5,4),
(156,3000,'Derrota','Arena Neoquímica','Visitante','2021-11-13','São Paulo','brasil',1,2),
(157,3000,'Vitoria','Ressacada','Visitante','2021-10-02','Florianópolis','brasil',4,3),
(158,3000,'Derrota','Nilton Santos','Mandante','2021-06-19','Rio de Janeiro','brasil',1,3),
(159,3000,'Vitoria','Nilton Santos','Mandante','2021-06-26','Rio de Janeiro','brasil',4,2),
(160,3100,'Derrota','Nilton Santos','Mandante','2021-11-11','Rio de Janeiro','brasil',2,3),
(161,3100,'Derrota','Nilton Santos','Mandante','2021-11-12','Rio de Janeiro','brasil',1,3),
(162,3100,'Vitoria','Nilton Santos','Mandante','2021-08-18','Rio de Janeiro','brasil',4,3),
(163,3100,'Vitoria','Mineirao','Visitante','2021-08-11','Belo Horizonte','brasil',4,2),
(164,3100,'Vitoria','Nilton Santos','Mandante','2021-11-19','Rio de Janeiro','brasil',5,2),
(165,3100,'Empate','Nilton Santos','Mandante','2021-08-22','Rio de Janeiro','brasil',5,5),
(166,3100,'Vitoria','Fonte Nova','Visitante','2021-05-28','Salvador','brasil',3,1),
(167,3100,'Vitoria','Nilton Santos','Mandante','2021-07-08','Rio de Janeiro','brasil',5,3),
(168,3100,'Vitoria','Beira Rio','Visitante','2021-08-10','Porto Alegre','brasil',5,2),
(169,3100,'Empate','Nilton Santos','Mandante','2021-05-23','Rio de Janeiro','brasil',5,5),
(170,3100,'Empate','Nilton Santos','Mandante','2021-07-29','Rio de Janeiro','brasil',4,4),
(171,3100,'Empate','Mané Garrincha','Visitante','2021-07-27','brasilía','brasil',2,2),
(172,3300,'Vitoria','Nilton Santos','Mandante','2021-10-01','Rio de Janeiro','brasil',4,2),
(173,3300,'Empate','Arena Neoquímica','Visitante','2021-08-18','São Paulo','brasil',4,4),
(174,3300,'Empate','Nilton Santos','Mandante','2021-09-25','Rio de Janeiro','brasil',3,3),
(175,3300,'Derrota','Ressacada','Visitante','2021-10-12','Florianópolis','brasil',2,4),
(176,3300,'Vitoria','Arena Neoquímica','Visitante','2021-05-11','São Paulo','brasil',5,4),
(177,3300,'Derrota','Nilton Santos','Mandante','2021-10-11','Rio de Janeiro','brasil',2,5),
(178,3300,'Derrota','Mané Garrincha','Visitante','2021-09-22','brasilía','brasil',1,2),
(179,3300,'Vitoria','Nilton Santos','Mandante','2021-07-04','Rio de Janeiro','brasil',2,1),
(180,3300,'Vitoria','Mineirao','Visitante','2021-07-07','Belo Horizonte','brasil',5,2),
(181,3300,'Vitoria','Ressacada','Visitante','2021-07-20','Florianópolis','brasil',5,1),
(182,3300,'Derrota','Nilton Santos','Mandante','2021-09-21','Rio de Janeiro','brasil',1,3),
(183,3300,'Derrota','Maracanã','Visitante','2021-07-20','Rio de Janeiro','brasil',1,5),
(184,3300,'Empate','Nilton Santos','Mandante','2021-11-15','Rio de Janeiro','brasil',5,5);


/*Historico_tecnico*/
insert into historico_tecnico (id_tecnico, num_partidas,num_vitorias,num_derrotas,num_empates) values
(1,0,0,0,0),
(2,0,0,0,0),
(3,0,0,0,0),
(4,0,0,0,0),
(5,0,0,0,0),
(6,0,0,0,0),
(7,0,0,0,0),
(8,0,0,0,0);


/*Nacionalidade dos Tecnicos*/
insert into nacionalidade_tecnico (fk_tecnico,fk_nacionalidade) values
(1,1),
(1,2),
(2,4),
(3,1),
(3,4),
(4,13),
(4,1),
(5,2),
(6,4),
(6,2),
(7,1),
(8,13),
(8,2),
(8,3);


/*Nacionalidade dos Jogadores*/
insert into nacionalidade_jogador(fk_jogador,fk_nacionalidade) values
(1,7),
(2,11),
(3,8),
(4,3),
(4,6),
(5,11),
(6,8),
(7,1),
(9,7),
(10,8),
(11,4),
(12,6),
(12,1),
(13,11),
(14,7),
(15,12),
(16,7),
(17,9),
(18,12),
(19,8),
(20,4),
(21,7),
(21,4),
(22,2),
(22,1),
(23,3),
(23,11),
(24,11),
(25,4),
(26,3),
(27,6),
(28,8),
(28,2),
(29,12),
(30,10),
(31,9),
(31,10),
(32,9),
(33,5),
(34,8),
(35,11),
(36,3),
(36,2),
(37,1),
(38,3),
(39,7),
(40,8),
(41,8),
(42,12),
(42,1),
(43,4),
(44,7),
(45,10),
(46,1),
(47,11),
(48,9),
(49,11),
(50,5),
(51,7);


/*tecnicos do campeonato*/


insert into tecnico_campeonato (dt_entrada, id_tecnico, id_campeonato) values
('2020-05-01',1,3000),
('2020-05-01',1,3100),
('2020-05-01',1,3300),
('2021-04-16',2,3000),
('2021-04-16',2,3100),
('2021-04-16',2,3300),
('2021-06-07',3,3000),
('2021-06-07',3,3100),
('2021-06-07',3,3300),
('2022-02-18',4,2000),
('2022-02-18',4,2100),
('2022-02-18',4,2300),
('2022-03-09',5,2000),
('2022-03-09',5,2100),
('2022-03-09',5,2300),
('2022-10-06',6,2000),
('2022-10-06',6,2100),
('2022-10-06',6,2300),
('2023-01-30',7,1000),
('2023-01-30',7,1100),
('2023-01-30',7,1200),
('2023-01-30',7,1300),
('2023-06-03',8,1000),
('2023-06-03',8,1100),
('2023-06-03',8,1200),
('2023-06-03',8,1300);


/*titulos e seus titulos*/
insert into tecnico_titulo (id_tecnico, id_titulo) value
(3,3),
(3,6),
(6,2),
(6,4),
(8,1),
(8,5);

/*Idolos*/

select t.nome,count(tt.id_titulo) from tecnico as t inner join tecnico_titulo as tt on t.id_tecnico =  tt.id_tecnico group by t.nome;
select id_tecnico from tecnico where nome = 'tiago pereira';
select * from historico_jogador where fk_jogador = 44 ;
insert into idolo (id_idolo, fk_jogador, fk_tecnico, importancia) values
(1,4,null,'Guilherme é o jogador do Botafogo com mais gols na historia  do botafogo  e foi importante em diversos titulos do clube '),
(2,25,null, 'Diego é o jogador com mais titulos na historia do botafogo com um total de 6 em sua carreira'),
(3,null,8, 'Tiago é o atual tecnico do Botafogo ele já acumula dois titulos e foi responsavel por amenizar o clima tenso dentro do clube'),
(4,44,null, 'Jogador com mais jogos na historia do Botafogo com o total da 641 jogos oficias e também é o jogador com mais assistencias no clube com o total de 468');

/*Atuação de jogadores por campeonato*/

insert into jogador_campeonato (id_jogador,id_campeonato) values
(42,1000),
(19,1000),
(30,1000),
(10,1000),
(47,1000),
(49,1000),
(28,1000),
(27,1000),
(16,1000),
(20,1000),
(39,1000),
(41,1000),
(38,1000),
(25,1000),
(48,1000),
(4,1000),
(32,1000),
(15,1000),
(50,1000),
(2,1000),
(45,1000),
(18,1000),
(17,1000),
(6,1000),
(44,1000),
(31,1000),
(7,1000),
(14,1000),
(29,1000),
(3,1000),
(10,1100),
(11,1100),
(12,1100),
(17,1100),
(15,1100),
(16,1100),
(19,1100),
(13,1100),
(2,1100),
(23,1100),
(25,1100),
(22,1100),
(26,1100),
(24,1100),
(27,1100),
(28,1100),
(29,1100),
(21,1100),
(30,1100),
(38,1100),
(41,1100),
(42,1100),
(44,1100),
(45,1100),
(46,1100),
(47,1100),
(43,1100),
(48,1100),
(49,1100),
(9,1100),
(10,1200),
(11,1200),
(14,1200),
(15,1200),
(16,1200),
(12,1200),
(18,1200),
(22,1200),
(23,1200),
(27,1200),
(29,1200),
(25,1200),
(3,1200),
(31,1200),
(32,1200),
(33,1200),
(36,1200),
(37,1200),
(41,1200),
(47,1200),
(49,1200),
(48,1200),
(5,1200),
(4,1200),
(1,1200),
(51,1200),
(7,1200),
(9,1200),
(8,1200),
(2,1200),
(12,1300),
(15,1300),
(13,1300),
(19,1300),
(14,1300),
(10,1300),
(16,1300),
(17,1300),
(18,1300),
(11,1300),
(22,1300),
(20,1300),
(21,1300),
(25,1300),
(29,1300),
(30,1300),
(31,1300),
(33,1300),
(35,1300),
(38,1300),
(40,1300),
(47,1300),
(49,1300),
(50,1300),
(51,1300),
(43,1300),
(32,1300),
(3,1300),
(7,1300),
(9,1300),
(11,2000),
(12,2000),
(13,2000),
(14,2000),
(17,2000),
(16,2000),
(21,2000),
(22,2000),
(27,2000),
(23,2000),
(24,2000),
(25,2000),
(30,2000),
(40,2000),
(41,2000),
(42,2000),
(43,2000),
(44,2000),
(47,2000),
(45,2000),
(46,2000),
(49,2000),
(5,2000),
(50,2000),
(51,2000),
(6,2000),
(8,2000),
(7,2000),
(1,2000),
(9,2000),
(10,2100),
(12,2100),
(13,2100),
(18,2100),
(17,2100),
(1,2100),
(2,2100),
(22,2100),
(24,2100),
(25,2100),
(26,2100),
(27,2100),
(28,2100),
(29,2100),
(3,2100),
(31,2100),
(30,2100),
(34,2100),
(36,2100),
(38,2100),
(37,2100),
(39,2100),
(41,2100),
(42,2100),
(45,2100),
(47,2100),
(46,2100),
(49,2100),
(48,2100),
(6,2100),
(10,2300),
(11,2300),
(12,2300),
(13,2300),
(15,2300),
(16,2300),
(17,2300),
(22,2300),
(26,2300),
(25,2300),
(27,2300),
(29,2300),
(3,2300),
(30,2300),
(31,2300),
(33,2300),
(32,2300),
(37,2300),
(36,2300),
(34,2300),
(4,2300),
(41,2300),
(45,2300),
(44,2300),
(47,2300),
(49,2300),
(50,2300),
(51,2300),
(6,2300),
(7,2300),
(1,3000),
(11,3000),
(12,3000),
(14,3000),
(19,3000),
(15,3000),
(17,3000),
(23,3000),
(21,3000),
(22,3000),
(25,3000),
(26,3000),
(27,3000),
(24,3000),
(29,3000),
(28,3000),
(32,3000),
(35,3000),
(37,3000),
(38,3000),
(39,3000),
(3,3000),
(4,3000),
(49,3000),
(40,3000),
(44,3000),
(50,3000),
(51,3000),
(7,3000),
(8,3000),
(10,3100),
(11,3100),
(14,3100),
(15,3100),
(12,3100),
(16,3100),
(17,3100),
(13,3100),
(18,3100),
(19,3100),
(22,3100),
(21,3100),
(23,3100),
(27,3100),
(20,3100),
(24,3100),
(25,3100),
(26,3100),
(28,3100),
(29,3100),
(32,3100),
(34,3100),
(37,3100),
(38,3100),
(41,3100),
(42,3100),
(50,3100),
(51,3100),
(7,3100),
(8,3100),
(10,3300),
(13,3300),
(15,3300),
(14,3300),
(17,3300),
(2,3300),
(20,3300),
(22,3300),
(23,3300),
(24,3300),
(26,3300),
(28,3300),
(29,3300),
(3,3300),
(31,3300),
(32,3300),
(33,3300),
(34,3300),
(35,3300),
(36,3300),
(37,3300),
(39,3300),
(41,3300),
(42,3300),
(48,3300),
(50,3300),
(51,3300),
(5,3300),
(6,3300),
(7,3300);

/*JOgadores e seus titulos*/
insert into jogador_titulo(id_jogador,id_titulo)values
(2,1),
(3,1),
(4,1),
(6,1),
(7,1),
(10,1),
(14,1),
(15,1),
(16,1),
(17,1),
(18,1),
(19,1),
(20,1),
(25,1),
(27,1),
(28,1),
(29,1),
(30,1),
(31,1),
(32,1),
(38,1),
(39,1),
(41,1),
(42,1),
(44,1),
(45,1),
(47,1),
(48,1),
(49,1),
(50,1),
(1,2),
(5,2),
(6,2),
(7,2),
(8,2),
(9,2),
(11,2),
(12,2),
(13,2),
(14,2),
(16,2),
(17,2),
(21,2),
(22,2),
(23,2),
(24,2),
(25,2),
(27,2),
(30,2),
(40,2),
(41,2),
(42,2),
(43,2),
(44,2),
(45,2),
(46,2),
(47,2),
(49,2),
(50,2),
(51,2),
(7,3),
(8,3),
(10,3),
(11,3),
(12,3),
(13,3),
(14,3),
(15,3),
(16,3),
(17,3),
(18,3),
(19,3),
(20,3),
(21,3),
(22,3),
(23,3),
(24,3),
(25,3),
(26,3),
(27,3),
(28,3),
(29,3),
(32,3),
(34,3),
(37,3),
(38,3),
(41,3),
(42,3),
(50,3),
(51,3),
(1,4),
(2,4),
(3,4),
(6,4),
(10,4),
(12,4),
(13,4),
(17,4),
(18,4),
(22,4),
(24,4),
(25,4),
(26,4),
(27,4),
(28,4),
(29,4),
(30,4),
(31,4),
(34,4),
(36,4),
(37,4),
(38,4),
(39,4),
(41,4),
(42,4),
(45,4),
(46,4),
(47,4),
(48,4),
(49,4),
(1,5),
(2,5),
(3,5),
(4,5),
(5,5),
(7,5),
(8,5),
(9,5),
(10,5),
(11,5),
(12,5),
(14,5),
(15,5),
(16,5),
(18,5),
(22,5),
(23,5),
(25,5),
(27,5),
(29,5),
(31,5),
(32,5),
(33,5),
(36,5),
(37,5),
(41,5),
(47,5),
(48,5),
(49,5),
(51,5),
(3,6),
(7,6),
(9,6),
(10,6),
(11,6),
(12,6),
(13,6),
(14,6),
(15,6),
(16,6),
(17,6),
(18,6),
(19,6),
(20,6),
(21,6),
(22,6),
(25,6),
(29,6),
(30,6),
(31,6),
(32,6),
(33,6),
(35,6),
(38,6),
(40,6),
(43,6),
(47,6),
(49,6),
(50,6),
(51,6);






























